<metadata xml:lang="en"><Esri><CreaDate>20210721</CreaDate><CreaTime>17204900</CreaTime><ArcGISFormat>1.0</ArcGISFormat><SyncOnce>FALSE</SyncOnce><DataProperties><itemProps><itemName Sync="TRUE">638</itemName><imsContentType Sync="TRUE">002</imsContentType><itemLocation><linkage Sync="TRUE">file://\\PCML122-MK\C$\Users\meaghankenny\Desktop\OCTranspo\OCTranspo2020\TransitRoutesSplit\638.shp</linkage><protocol Sync="TRUE">Local Area Network</protocol></itemLocation><itemSize Sync="TRUE">0.000</itemSize></itemProps><coordRef><type Sync="TRUE">Geographic</type><geogcsn Sync="TRUE">GCS_WGS_1984</geogcsn><csUnits Sync="TRUE">Angular Unit: Degree (0.017453)</csUnits><peXml Sync="TRUE">&lt;GeographicCoordinateSystem xsi:type='typens:GeographicCoordinateSystem' xmlns:xsi='http://www.w3.org/2001/XMLSchema-instance' xmlns:xs='http://www.w3.org/2001/XMLSchema' xmlns:typens='http://www.esri.com/schemas/ArcGIS/2.3.0'&gt;&lt;WKT&gt;GEOGCS[&amp;quot;GCS_WGS_1984&amp;quot;,DATUM[&amp;quot;D_WGS_1984&amp;quot;,SPHEROID[&amp;quot;WGS_1984&amp;quot;,6378137.0,298.257223563]],PRIMEM[&amp;quot;Greenwich&amp;quot;,0.0],UNIT[&amp;quot;Degree&amp;quot;,0.0174532925199433],AUTHORITY[&amp;quot;EPSG&amp;quot;,4326]]&lt;/WKT&gt;&lt;XOrigin&gt;-400&lt;/XOrigin&gt;&lt;YOrigin&gt;-400&lt;/YOrigin&gt;&lt;XYScale&gt;11258999068426.238&lt;/XYScale&gt;&lt;ZOrigin&gt;-100000&lt;/ZOrigin&gt;&lt;ZScale&gt;10000&lt;/ZScale&gt;&lt;MOrigin&gt;-100000&lt;/MOrigin&gt;&lt;MScale&gt;10000&lt;/MScale&gt;&lt;XYTolerance&gt;8.983152841195215e-09&lt;/XYTolerance&gt;&lt;ZTolerance&gt;0.001&lt;/ZTolerance&gt;&lt;MTolerance&gt;0.001&lt;/MTolerance&gt;&lt;HighPrecision&gt;true&lt;/HighPrecision&gt;&lt;LeftLongitude&gt;-180&lt;/LeftLongitude&gt;&lt;WKID&gt;4326&lt;/WKID&gt;&lt;LatestWKID&gt;4326&lt;/LatestWKID&gt;&lt;/GeographicCoordinateSystem&gt;</peXml></coordRef><lineage><Process ToolSource="c:\program files\arcgis\pro\Resources\ArcToolbox\toolboxes\Data Management Tools.tbx\Dissolve" Date="20210721" Time="172050">Dissolve O-Train_Line_-_Stage_1 C:\Users\meaghankenny\AppData\Local\Temp\ArcGISPro19268\e7fe60eb-d851-48c7-93ac-fa53e88c551e\Default.gdb\OTrain_Line__Stage_1_Dissolv6 # "Shape_Leng SUM" MULTI_PART DISSOLVE_LINES</Process><Process ToolSource="c:\program files\arcgis\pro\Resources\ArcToolbox\toolboxes\Data Management Tools.tbx\Merge" Date="20210721" Time="172536">Merge OTrain_Line__Stage_1_Dissolv6;shapes_GTFSShapesMTM9_deletefields C:\Users\meaghankenny\AppData\Local\Temp\ArcGISPro19268\e7fe60eb-d851-48c7-93ac-fa53e88c551e\Default.gdb\OTrain_Line__Stage_1_Mergetrial "SUM_Shape_Leng "SUM_Shape_Leng" true true false 8 Double 0 0,First,#,OTrain_Line__Stage_1_Dissolv6,SUM_Shape_Leng,-1,-1;Shape_Length "Shape_Length" false true true 8 Double 0 0,First,#,OTrain_Line__Stage_1_Dissolv6,Shape_Length,-1,-1,shapes_GTFSShapesMTM9_deletefields,Shape_Length,-1,-1;shapes_GTFSShapesMTM9_shape_id "shape_id" true true false 500 Text 0 0,First,#,shapes_GTFSShapesMTM9_deletefields,shapes_GTFSShapesMTM9_shape_id,0,500;shapes_GTFSShapesMTM9_RT_NUM "RT_NUM" true true false 4 Long 0 0,First,#,shapes_GTFSShapesMTM9_deletefields,shapes_GTFSShapesMTM9_RT_NUM,-1,-1;routes_txt_route_id "route_id" true true false 8000 Text 0 0,First,#,shapes_GTFSShapesMTM9_deletefields,routes_txt_route_id,0,8000;routes_txt_route_desc "route_desc" true true false 8000 Text 0 0,First,#,shapes_GTFSShapesMTM9_deletefields,routes_txt_route_desc,0,8000;routes_txt_route_type "route_type" true true false 4 Long 0 0,First,#,shapes_GTFSShapesMTM9_deletefields,routes_txt_route_type,-1,-1;routes_txt_route_color "route_color" true true false 8000 Text 0 0,First,#,shapes_GTFSShapesMTM9_deletefields,routes_txt_route_color,0,8000;routes_txt_route_text_color "route_text_color" true true false 8000 Text 0 0,First,#,shapes_GTFSShapesMTM9_deletefields,routes_txt_route_text_color,0,8000"</Process><Process ToolSource="c:\program files\arcgis\pro\Resources\ArcToolbox\toolboxes\Data Management Tools.tbx\DeleteField" Date="20210721" Time="172617">DeleteField OTrain_Line__Stage_1_Mergetrial SUM_Shape_Leng</Process><Process ToolSource="c:\program files\arcgis\pro\Resources\ArcToolbox\toolboxes\Data Management Tools.tbx\CalculateField" Date="20210722" Time="114612">CalculateField OTrain_Line__Stage_1_Mergetrial routes_txt_route_color !routes_txt_route_color!.replace("D74100","FFAA00") "Python 3" #</Process><Process ToolSource="c:\program files\arcgis\pro\Resources\ArcToolbox\toolboxes\Data Management Tools.tbx\CalculateField" Date="20210722" Time="115741">CalculateField OTrain_Line__Stage_1_Mergetrial routes_txt_route_desc Reclass(!routes_txt_route_desc!) "Python 3" "def Reclass(fld):\n    if(fld == '0056B8'):\n        return 'rapid local'\n    elif(fld == '6E6E70'):\n        return 'local'\n    elif(fld == 'A85B8C'):\n        return 'connexion'\n    elif(fld == 'FFAA00'):\n        return 'frequent'\n    elif(fld == 'E6E6E6'):\n        return 'local'\n    elif(fld == '000000'):\n        return 'train1 replacement'\n    elif(fld == '65A233'):\n        return 'train2 replacement'\n    elif(fld == 'A80000'):\n        return 'line 1'"</Process><Process ToolSource="c:\program files\arcgis\pro\Resources\ArcToolbox\toolboxes\Data Management Tools.tbx\CalculateField" Date="20210722" Time="115946">CalculateField OTrain_Line__Stage_1_Mergetrial routes_txt_route_desc Reclass(!routes_txt_route_desc!) "Python 3" "def Reclass(fld):\n    if(fld == '0056B8'):\n        return 'rapid local'\n    elif(fld == '6E6E70'):\n        return 'local'\n    elif(fld == 'A85B8C'):\n        return 'connexion'\n    elif(fld == 'FFAA00'):\n        return 'frequent'\n    elif(fld == 'E6E6E6'):\n        return 'local'"</Process><Process ToolSource="c:\program files\arcgis\pro\Resources\ArcToolbox\toolboxes\Data Management Tools.tbx\CalculateField" Date="20210722" Time="120059">CalculateField OTrain_Line__Stage_1_Mergetrial routes_txt_route_desc Reclass(!routes_txt_route_color!) "Python 3" "def Reclass(fld):\n    if(fld == '0056B8'):\n        return 'rapid local'\n    elif(fld == '6E6E70'):\n        return 'local'\n    elif(fld == 'A85B8C'):\n        return 'connexion'\n    elif(fld == 'FFAA00'):\n        return 'frequent'\n    elif(fld == 'E6E6E6'):\n        return 'local'\n    elif(fld == '000000'):\n        return 'train1 replacement'\n    elif(fld == '65A233'):\n        return 'train2 replacement'\n    elif(fld == 'A80000'):\n        return 'line 1'"</Process><Process ToolSource="c:\program files\arcgis\pro\Resources\ArcToolbox\toolboxes\Data Management Tools.tbx\UpdateSchema" Date="20210722" Time="125005">UpdateSchema "CIMDATA=&lt;CIMStandardDataConnection xsi:type='typens:CIMStandardDataConnection' xmlns:xsi='http://www.w3.org/2001/XMLSchema-instance' xmlns:xs='http://www.w3.org/2001/XMLSchema' xmlns:typens='http://www.esri.com/schemas/ArcGIS/2.3.0'&gt;&lt;WorkspaceConnectionString&gt;DATABASE=C:\Users\meaghankenny\Desktop\OCTranspo\OCTranspo2020\ArcGISProOC2020\OCTranspo2020\Default.gdb&lt;/WorkspaceConnectionString&gt;&lt;WorkspaceFactory&gt;FileGDB&lt;/WorkspaceFactory&gt;&lt;Dataset&gt;OTrain_Line__Stage_1_Mergetrial&lt;/Dataset&gt;&lt;DatasetType&gt;esriDTFeatureClass&lt;/DatasetType&gt;&lt;/CIMStandardDataConnection&gt;" &lt;operationSequence&gt;&lt;workflow&gt;&lt;AlterField&gt;&lt;field_name&gt;shapes_GTFSShapesMTM9_shape_id&lt;/field_name&gt;&lt;new_field_name&gt;shape_id&lt;/new_field_name&gt;&lt;field_type&gt;TEXT&lt;/field_type&gt;&lt;field_is_nullable&gt;True&lt;/field_is_nullable&gt;&lt;clear_field_alias&gt;False&lt;/clear_field_alias&gt;&lt;/AlterField&gt;&lt;/workflow&gt;&lt;workflow&gt;&lt;AlterField&gt;&lt;field_name&gt;shapes_GTFSShapesMTM9_RT_NUM&lt;/field_name&gt;&lt;new_field_name&gt;RT_NUM&lt;/new_field_name&gt;&lt;field_is_nullable&gt;True&lt;/field_is_nullable&gt;&lt;clear_field_alias&gt;False&lt;/clear_field_alias&gt;&lt;/AlterField&gt;&lt;/workflow&gt;&lt;workflow&gt;&lt;AlterField&gt;&lt;field_name&gt;routes_txt_route_id&lt;/field_name&gt;&lt;new_field_name&gt;route_id&lt;/new_field_name&gt;&lt;field_type&gt;TEXT&lt;/field_type&gt;&lt;field_is_nullable&gt;True&lt;/field_is_nullable&gt;&lt;clear_field_alias&gt;False&lt;/clear_field_alias&gt;&lt;/AlterField&gt;&lt;/workflow&gt;&lt;workflow&gt;&lt;AlterField&gt;&lt;field_name&gt;routes_txt_route_desc&lt;/field_name&gt;&lt;new_field_name&gt;route_desc&lt;/new_field_name&gt;&lt;field_type&gt;TEXT&lt;/field_type&gt;&lt;field_is_nullable&gt;True&lt;/field_is_nullable&gt;&lt;clear_field_alias&gt;False&lt;/clear_field_alias&gt;&lt;/AlterField&gt;&lt;/workflow&gt;&lt;workflow&gt;&lt;AlterField&gt;&lt;field_name&gt;routes_txt_route_type&lt;/field_name&gt;&lt;new_field_name&gt;route_type&lt;/new_field_name&gt;&lt;field_is_nullable&gt;True&lt;/field_is_nullable&gt;&lt;clear_field_alias&gt;False&lt;/clear_field_alias&gt;&lt;/AlterField&gt;&lt;/workflow&gt;&lt;workflow&gt;&lt;AlterField&gt;&lt;field_name&gt;routes_txt_route_color&lt;/field_name&gt;&lt;new_field_name&gt;route_color&lt;/new_field_name&gt;&lt;field_type&gt;TEXT&lt;/field_type&gt;&lt;field_is_nullable&gt;True&lt;/field_is_nullable&gt;&lt;clear_field_alias&gt;False&lt;/clear_field_alias&gt;&lt;/AlterField&gt;&lt;/workflow&gt;&lt;workflow&gt;&lt;AlterField&gt;&lt;field_name&gt;routes_txt_route_text_color&lt;/field_name&gt;&lt;new_field_name&gt;route_text_color&lt;/new_field_name&gt;&lt;field_type&gt;TEXT&lt;/field_type&gt;&lt;field_is_nullable&gt;True&lt;/field_is_nullable&gt;&lt;clear_field_alias&gt;False&lt;/clear_field_alias&gt;&lt;/AlterField&gt;&lt;/workflow&gt;&lt;/operationSequence&gt;</Process><Process ToolSource="c:\program files\arcgis\pro\Resources\ArcToolbox\toolboxes\Data Management Tools.tbx\CopyFeatures" Date="20210722" Time="125344">CopyFeatures OTrain_Line__Stage_1_Mergetrial C:\Users\meaghankenny\Desktop\OCTranspo\OCTranspo2020\TransitRoutesMaster_2020\SYSTEM_MAP_2020.shp # # # #</Process><Process ToolSource="c:\program files\arcgis\pro\Resources\ArcToolbox\toolboxes\Analysis Tools.tbx\Select" Date="20210722" Time="130301">Select SYSTEM_MAP_2020 C:\Users\meaghankenny\Desktop\OCTranspo\OCTranspo2020\TransitRoutesSplit\638.shp ""RT_NUM" = 638"</Process></lineage></DataProperties><SyncDate>20210722</SyncDate><SyncTime>13030000</SyncTime><ModDate>20210722</ModDate><ModTime>13030000</ModTime></Esri><dataIdInfo><envirDesc Sync="TRUE">Microsoft Windows 10 Version 10.0 (Build 19043) ; Esri ArcGIS 12.3.0.15769</envirDesc><dataLang><languageCode value="eng" Sync="TRUE"></languageCode><countryCode value="CAN" Sync="TRUE"></countryCode></dataLang><idCitation><resTitle Sync="TRUE">638</resTitle><presForm><PresFormCd value="005" Sync="TRUE"></PresFormCd></presForm></idCitation><spatRpType><SpatRepTypCd value="001" Sync="TRUE"></SpatRepTypCd></spatRpType></dataIdInfo><mdLang><languageCode value="eng" Sync="TRUE"></languageCode><countryCode value="CAN" Sync="TRUE"></countryCode></mdLang><distInfo><distFormat><formatName Sync="TRUE">Shapefile</formatName></distFormat><distTranOps><transSize Sync="TRUE">0.000</transSize></distTranOps></distInfo><mdHrLv><ScopeCd value="005" Sync="TRUE"></ScopeCd></mdHrLv><mdHrLvName Sync="TRUE">dataset</mdHrLvName><refSysInfo><RefSystem><refSysID><identCode code="4326" Sync="TRUE"></identCode><idCodeSpace Sync="TRUE">EPSG</idCodeSpace><idVersion Sync="TRUE">6.14(3.0.1)</idVersion></refSysID></RefSystem></refSysInfo><spatRepInfo><VectSpatRep><geometObjs Name="638"><geoObjTyp><GeoObjTypCd value="002" Sync="TRUE"></GeoObjTypCd></geoObjTyp><geoObjCnt Sync="TRUE">0</geoObjCnt></geometObjs><topLvl><TopoLevCd value="001" Sync="TRUE"></TopoLevCd></topLvl></VectSpatRep></spatRepInfo><spdoinfo><ptvctinf><esriterm Name="638"><efeatyp Sync="TRUE">Simple</efeatyp><efeageom code="3" Sync="TRUE"></efeageom><esritopo Sync="TRUE">FALSE</esritopo><efeacnt Sync="TRUE">0</efeacnt><spindex Sync="TRUE">FALSE</spindex><linrefer Sync="TRUE">TRUE</linrefer></esriterm></ptvctinf></spdoinfo><eainfo><detailed Name="638"><enttyp><enttypl Sync="TRUE">638</enttypl><enttypt Sync="TRUE">Feature Class</enttypt><enttypc Sync="TRUE">0</enttypc></enttyp><attr><attrlabl Sync="TRUE">FID</attrlabl><attalias Sync="TRUE">FID</attalias><attrtype Sync="TRUE">OID</attrtype><attwidth Sync="TRUE">4</attwidth><atprecis Sync="TRUE">0</atprecis><attscale Sync="TRUE">0</attscale><attrdef Sync="TRUE">Internal feature number.</attrdef><attrdefs Sync="TRUE">Esri</attrdefs><attrdomv><udom Sync="TRUE">Sequential unique whole numbers that are automatically generated.</udom></attrdomv></attr><attr><attrlabl Sync="TRUE">Shape</attrlabl><attalias Sync="TRUE">Shape</attalias><attrtype Sync="TRUE">Geometry</attrtype><attwidth Sync="TRUE">0</attwidth><atprecis Sync="TRUE">0</atprecis><attscale Sync="TRUE">0</attscale><attrdef Sync="TRUE">Feature geometry.</attrdef><attrdefs Sync="TRUE">Esri</attrdefs><attrdomv><udom Sync="TRUE">Coordinates defining the features.</udom></attrdomv></attr><attr><attrlabl Sync="TRUE">shape_id</attrlabl><attalias Sync="TRUE">shape_id</attalias><attrtype Sync="TRUE">String</attrtype><attwidth Sync="TRUE">254</attwidth><atprecis Sync="TRUE">0</atprecis><attscale Sync="TRUE">0</attscale></attr><attr><attrlabl Sync="TRUE">RT_NUM</attrlabl><attalias Sync="TRUE">RT_NUM</attalias><attrtype Sync="TRUE">Integer</attrtype><attwidth Sync="TRUE">10</attwidth><atprecis Sync="TRUE">10</atprecis><attscale Sync="TRUE">0</attscale></attr><attr><attrlabl Sync="TRUE">route_id</attrlabl><attalias Sync="TRUE">route_id</attalias><attrtype Sync="TRUE">String</attrtype><attwidth Sync="TRUE">254</attwidth><atprecis Sync="TRUE">0</atprecis><attscale Sync="TRUE">0</attscale></attr><attr><attrlabl Sync="TRUE">route_desc</attrlabl><attalias Sync="TRUE">route_desc</attalias><attrtype Sync="TRUE">String</attrtype><attwidth Sync="TRUE">254</attwidth><atprecis Sync="TRUE">0</atprecis><attscale Sync="TRUE">0</attscale></attr><attr><attrlabl Sync="TRUE">route_type</attrlabl><attalias Sync="TRUE">route_type</attalias><attrtype Sync="TRUE">Integer</attrtype><attwidth Sync="TRUE">10</attwidth><atprecis Sync="TRUE">10</atprecis><attscale Sync="TRUE">0</attscale></attr><attr><attrlabl Sync="TRUE">route_colo</attrlabl><attalias Sync="TRUE">route_colo</attalias><attrtype Sync="TRUE">String</attrtype><attwidth Sync="TRUE">254</attwidth><atprecis Sync="TRUE">0</atprecis><attscale Sync="TRUE">0</attscale></attr><attr><attrlabl Sync="TRUE">route_text</attrlabl><attalias Sync="TRUE">route_text</attalias><attrtype Sync="TRUE">String</attrtype><attwidth Sync="TRUE">254</attwidth><atprecis Sync="TRUE">0</atprecis><attscale Sync="TRUE">0</attscale></attr><attr><attrlabl Sync="TRUE">Shape_Leng</attrlabl><attalias Sync="TRUE">Shape_Leng</attalias><attrtype Sync="TRUE">Double</attrtype><attwidth Sync="TRUE">19</attwidth><atprecis Sync="TRUE">0</atprecis><attscale Sync="TRUE">0</attscale></attr></detailed></eainfo><mdDateSt Sync="TRUE">20210722</mdDateSt></metadata>
